{
"Configuration":
{
  "Nproc":7,
	"particleRadius": 0.0075, 
	"hFactor": 1.2,
  "cflMethod": 1,
  "cflFactor": 0.03,
  "autoTS": [false,false,false],
  "simTime": 0.0125,
  "outTime": 5.0e-5,
  "solver": "Mech-LeapFrog",
  "thermal":true,
  "artifViscCoeffs": [0.0,0.0,0.0],
  "xSymm" : true,
  "ySymm" : true,
  "solver": "Mech-LeapFrog",
  "reMeshStepInterval": 1e6
}
,
"Materials":[ 
{
	"id": "Solid",
	"type": "Hollomon",
  "const": [386.796e6,0.154],
	"density0": 27000.0, 
  "thermalHeatCap": 87.50,
  "thermalCond": 190.0,
	"youngsModulus": 68.9E9, 
	"poissonsRatio": 0.3,
	"yieldStress0": 190.4E6
}],  
"Contact":[ 
{
  "fricCoeffStatic": 0.6,
  "fricCoeffDynamic": 0.6,
  "penaltyFactor": 0.1,
  "heatConductance": false,
  "heatCondCoeff": 0.01
  
}],

"Stabilization":{
  "alpha_free": 0.3,       
  "alpha_contact": 0.7,    
  "hg_coeff_free": 0.3,    
  "hg_coeff_contact": 0.3,
  "av_coeff_div":  0.2,   
  "av_coeff_bulk": 0.2,   
  "log_factor": 1.0,       
  "pspg_scale": 1.0,       
  "p_pspg_bulkfac": 1.0  
},

"RigidBodies": 
[{
	"type": "Plane",
	"zoneId": 10,
	"start": [0.0, 0.0, 0.03],
  "partSide": 20,
	"dim":   [0.02, 0.02, 0.0],
	"translation": [1.0, 0.0, 0.0],
	"scale": [1, 1, 1]
},
{
	"type": "Plane",
	"zoneId": 1,
  "flipnormals":true,
	"start": [0.0, 0.0, 0.0000],
  "partSide": 20,
	"dim":   [0.02, 0.02, 0.0],
	"translation": [1.0, 0.0, 0.0],
	"scale": [1, 1, 1]
}
],
"DomainBlocks": 
[{
	"type": "File",
	"fileName": "qt_cyl_tet.k",
  "scaleFactor": 1.0,
	"zoneId": 10
}],

"DomainZones": [
{
	"id": 2,
	"start":[0.0,0.0, -0.03],
	"end": 	[ 1.0, 1.0, 0.0000]
},
{
	"id": 3,
	"start":[-1.0,-1.0, 0.56],
	"end": 	[ 1.0, 1.0, 1.0000]
}
],

"Amplitudes": [
{
	"id": 		1,
	"valueType": 1,
	"time": 	[ 0.0, 5.0e-3, 1.0],
	"value": 	[ 0.0, 1.0, 1.0]
}
],
"BoundaryConditions": [
{
	"zoneId": 	1,
	"valueType": 0,
	"value": 		[ 0.0, 0.0, 0.0],
	"free": 		true
},
{
	"zoneId": 	10,
	"valueType": 	1,
  "amplitudeId" : 1,
  "amplitudeFactor": 1.0,
	"value": 		[ 0.0, 0.0, -1.2]
}
]

}
